TIMESTAMP,ORIGIN_X,ORIGIN_Y,ORIGIN_Z,XAXIS_X,XAXIS_Y,XAXIS_Z,YAXIS_X,YAXIS_Y,YAXIS_Z,STATE,ORIGIN_X,ORIGIN_Y,ORIGIN_Z,XAXIS_X,XAXIS_Y,XAXIS_Z,YAXIS_X,YAXIS_Y,YAXIS_Z,STATE
31884459014,-130.999816894531,-356.489532470703,34.982593536377,0.94150400684329,0.193405167341852,-0.275979431015249,-0.292190368144441,0.060444893523434,-0.95444811467704,0,-16.7773818969727,-728.619995117188,518.769592285156,0.927279332367287,0.35214614079226,-0.127067443861897,-0.326215930106397,0.593514314281809,-0.735747188705069,0
31884459112,-129.273315429688,-356.501098632813,34.9775314331055,0.946079800475977,0.177935929965221,-0.270687672343509,-0.284709427020107,0.0581732889519218,-0.956847119773268,0,-16.9138317108154,-726.974792480469,517.203796386719,0.928000513918576,0.349704684402043,-0.128536686880152,-0.325680919792424,0.593824707430667,-0.735733753016703,0
31884459185,-129.273315429688,-356.501098632813,34.9775314331055,0.946079800475977,0.177935929965221,-0.270687672343509,-0.284709427020107,0.0581732889519218,-0.956847119773268,0,-16.3945846557617,-727.078369140625,517.511047363281,0.928098332062979,0.348575208780507,-0.13087707914506,-0.326828555008959,0.59428767314155,-0.734850499886037,0
31884459258,-128.450424194336,-357.074737548828,35.5121307373047,0.947522582147409,0.169175967846184,-0.271257162530345,-0.286033763863082,0.0696766345685958,-0.955682924680311,0,-16.3945846557617,-727.078369140625,517.511047363281,0.928098332062979,0.348575208780507,-0.13087707914506,-0.326828555008959,0.59428767314155,-0.734850499886037,0
31884459360,-130.224304199219,-358.576599121094,40.784366607666,0.951903263384198,0.152737048005472,-0.265615457617001,-0.280113056669144,0.0825077876775883,-0.956414732454503,0,-21.8070449829102,-733.924133300781,523.33056640625,0.9242360333864,0.358512749199867,-0.131363477615836,-0.337091923898368,0.604570890548018,-0.721708440538472,0
31884459458,-134.699371337891,-361.338439941406,41.9096527099609,0.956134142213541,0.153452843704036,-0.249518990966061,-0.265680707634304,0.0955253960280384,-0.959316767446823,0,-25.070011138916,-737.168029785156,523.280334472656,0.926483115143414,0.35561950492037,-0.12314140276262,-0.329003648599623,0.606503858803932,-0.723816046011745,0
31884459532,-136.300598144531,-367.270111083984,40.465934753418,0.965274901374731,0.132790904279468,-0.224968754534144,-0.236507180687636,0.0784876994710194,-0.968454456603372,0,-28.8837261199951,-742.18212890625,523.719604492188,0.934649993169781,0.339978482392742,-0.104134632940518,-0.304419564165582,0.613777980671805,-0.728426605359578,0
31884459665,-136.948440551758,-378.289154052734,44.2297401428223,0.979624965459026,0.0843270253776378,-0.182274188629004,-0.189002957166101,0.0801707512082404,-0.978698387059658,0,-28.8837261199951,-742.18212890625,523.719604492188,0.934649993169781,0.339978482392742,-0.104134632940518,-0.304419564165582,0.613777980671805,-0.728426605359578,0
31884459762,-155.985733032227,-406.359436035156,53.6933975219727,0.990441818197438,0.0123444499957567,-0.137377652185697,-0.137921720119843,0.100287731291726,-0.985352713535383,0,-61.0826148986816,-777.452331542969,532.906799316406,0.956628586530376,0.286672224318242,-0.0517762806439973,-0.237241335011019,0.663525684771708,-0.709542257099903,0
31884459831,-173.232574462891,-428.383941650391,64.3353729248047,0.991163903253662,-0.0331693513112862,-0.12842862227928,-0.123383503587568,0.124853367010538,-0.984473538389219,0,-82.4919509887695,-800.704895019531,541.842590332031,0.966429280066448,0.25492062819449,-0.0320923659329227,-0.204953481543822,0.689550507384299,-0.694632397868918,0
31884459908,-196.935333251953,-454.416168212891,81.9486236572266,0.99209177967528,-0.0671329426989151,-0.106052198022102,-0.0936137944235294,0.167068516886539,-0.98149099239828,0,-109.372703552246,-829.615295410156,554.990783691406,0.976063319132597,0.21739885389901,-0.00617538397625874,-0.166642536414854,0.729332095071877,-0.663554790620405,0
31884460033,-221.22331237793,-483.139282226563,89.98291015625,0.987986035983562,-0.119414196359802,-0.0981011845455022,-0.0800788930302618,0.147344818267751,-0.985838158837794,0,-153.201934814453,-881.089599609375,572.796142578125,0.991326231858846,0.128307762217862,0.0284503107748476,-0.0830218010231877,0.779194567926205,-0.62125937085018,0
31884460138,-252.873840332031,-539.967102050781,101.942283630371,0.968843630815173,-0.231041071871866,-0.0892302758999008,-0.0600037439856966,0.130582090014199,-0.989620062688314,0,-172.17626953125,-905.391723632813,578.651916503906,0.996159310122332,0.0761494930746712,0.0432190185111802,-0.0341022795696887,0.79204407522989,-0.609510637660557,0
31884460256,-258.358551025391,-572.031921386719,110.474411010742,0.935302970025444,-0.344312130385846,-0.0815935728519289,-0.0372963040157009,0.133378748025445,-0.990363112843937,0,-202.357177734375,-948.834899902344,591.9033203125,0.997585351861234,-0.0219909640927445,0.0658776384683648,0.056327897792414,0.811074457561845,-0.58222452045671,0
31884460359,-256.067260742188,-596.057189941406,126.360313415527,0.890639582063075,-0.452011693749089,-0.0494627493836649,0.0637839616350658,0.231895337992407,-0.970647288388282,0,-216.596725463867,-966.785400390625,598.299743652344,0.99519523861484,-0.0611597987725615,0.0764585904424797,0.0938033090893902,0.819373441154377,-0.565533467740606,0
31884460479,-213.532379150391,-612.495849609375,137.115921020508,0.753449287085294,-0.657082528281627,0.0235949744159033,0.180967318354063,0.172740920486329,-0.968200084733148,0,-224.089630126953,-976.724426269531,600.836303710938,0.99207225539642,-0.0913608345666041,0.0862892692051189,0.124261541409789,0.815626711994965,-0.565077106249003,0
31884460626,-153.75910949707,-629.385559082031,140.060089111328,0.566728681511598,-0.803926008650678,0.180337389820069,0.300920462315737,-0.00178879096689277,-0.953647563613812,0,-234.329193115234,-992.168701171875,604.117919921875,0.984775685941559,-0.136464971582898,0.107676180788562,0.173617593732392,0.802760728978631,-0.570466601262748,0
31884460733,-121.756362915039,-631.203857421875,128.818344116211,0.539838783362336,-0.819167721764344,0.193748113790271,0.285267010137222,-0.0385138804666368,-0.957673960144459,0,-244.145309448242,-1003.80859375,608.725952148438,0.98020999689832,-0.13924577699559,0.140708832592308,0.195589228169807,0.790909531270199,-0.579833568509011,0
31884460820,-75.3618621826172,-645.952087402344,112.238761901855,0.40521697035031,-0.875032795621466,0.264795795901289,0.344090103317846,-0.122366702386124,-0.930928778664544,0,-244.145309448242,-1003.80859375,608.725952148438,0.98020999689832,-0.13924577699559,0.140708832592308,0.195589228169807,0.790909531270199,-0.579833568509011,0
31884460903,-50.0687789916992,-659.580017089844,110.632598876953,0.340926892828733,-0.902276058241795,0.263944631447195,0.405798762910339,-0.112015724752964,-0.907072125813877,0,-243.787322998047,-1003.65948486328,609.543518066406,0.982521066837929,-0.117856265279005,0.14409113072685,0.180553950453272,0.791739897262992,-0.583565082966505,0
31884460988,-24.1889209747314,-667.416809082031,98.623664855957,0.38162129380868,-0.903092307303597,0.196950431837185,0.275037686637713,-0.092478355702001,-0.956975456663142,0,-243.637619018555,-1003.30065917969,611.205017089844,0.984088137388456,-0.101436348268453,0.145880790720643,0.168638539210294,0.791796913820799,-0.587042324161449,0
31884461103,2.6857705116272,-676.427917480469,90.8892135620117,0.36148273923655,-0.928662418774525,0.0831645428646638,0.166576649184352,-0.0234367827980302,-0.985749936423326,0,-237.017272949219,-995.959350585938,613.119140625,0.992785250113178,-0.0322967089072874,0.115474541572904,0.0933421498830569,0.812660679413111,-0.575212885105185,0
31884461221,44.3719062805176,-688.568542480469,103.989944458008,0.301446181826101,-0.953351203598374,-0.0158644905369288,0.261230618097127,0.0985791218346539,-0.960229514703074,0,-227.923034667969,-989.576721191406,613.666198730469,0.994276996726572,-0.0176397617249784,0.105366468037394,0.0739603733056995,0.825360423568731,-0.559741042256976,0
31884461349,65.2530822753906,-691.263244628906,116.02433013916,0.282767163946904,-0.959054427051714,-0.0160417251545268,0.314479687417541,0.108494965251178,-0.943043672751645,0,-217.54524230957,-983.678344726563,617.262145996094,0.994546488429418,-0.0164818747659106,0.102983640239188,0.0705492243730925,0.833556149031944,-0.547911446632931,0
31884461467,104.039680480957,-714.880798339844,128.749160766602,0.200312857352338,-0.973621569059609,0.109251084393917,0.435051741841209,-0.0115196335635805,-0.900331761054497,0,-208.234725952148,-977.682373046875,620.714782714844,0.994696515562612,-0.00925784760745275,0.102436000435768,0.0627817489635433,0.843529023648941,-0.533401573168793,0
31884461589,123.626258850098,-740.764038085938,117.858795166016,0.128257259506935,-0.979468230168745,0.155537974378855,0.426317397171631,-0.087152108021711,-0.900365474091592,0,-166.239501953125,-963.838623046875,618.897888183594,0.994183290197235,-0.0793532645281719,0.0728192618839442,0.105693318910704,0.848798829833172,-0.518043886955032,0
31884461679,139.604080200195,-780.767517089844,98.6278610229492,0.0694449558575607,-0.985622069131725,0.154034200573893,0.399152573674418,-0.114055353648029,-0.909762935732881,0,-145.150360107422,-961.472412109375,613.441467285156,0.988828096917598,-0.139316257194038,0.0530091994635558,0.146213740451638,0.837370760217373,-0.526717905558677,0
31884461762,147.3720703125,-821.523559570313,79.8955459594727,0.0177117003269875,-0.989264085000798,0.14506159312189,0.3905381991402,-0.126713974912108,-0.911824261343327,0,-130.154342651367,-963.809020996094,608.909362792969,0.98076088223298,-0.191780405186212,0.0364467840583915,0.181766874666275,0.829057270681451,-0.528795655432492,0
31884461851,148.715423583984,-865.052490234375,67.4634399414063,-0.0600678918581855,-0.994376655810988,0.0872176286416325,0.371945904556621,-0.103379841333404,-0.922479730123886,0,-114.884201049805,-968.850524902344,601.590393066406,0.963304199028907,-0.267707311786561,0.0194374728112719,0.236792709591024,0.813495007913,-0.531182722596631,0
31884461940,145.103866577148,-900.719299316406,63.8539848327637,-0.112474781718504,-0.993496025552643,0.0177502306598571,0.38330409874661,-0.059861419931325,-0.921680301562236,1,-99.9153289794922,-979.536682128906,590.950622558594,0.929865087322528,-0.367893622569529,0.00228075674650177,0.310146315780699,0.780541879293165,-0.542737171637574,0
31884462047,131.462783813477,-958.171142578125,50.8381729125977,-0.224309446344826,-0.974415966256745,0.0140995384467824,0.355200827512874,-0.095222627412569,-0.929927429084021,1,-96.8549270629883,-984.9580078125,586.893676757813,0.914473353576471,-0.404642193960838,0.00178338587042273,0.339126596648068,0.763991768901834,-0.548916868474767,0
31884462138,125.03199005127,-976.311218261719,45.5628929138184,-0.238810643554378,-0.970770060049825,0.0239784702598521,0.341782783409648,-0.10714061880818,-0.933651657078888,1,-93.6503677368164,-989.732604980469,582.80322265625,0.899917214567786,-0.436060682137192,0.000297352661597093,0.362060624725362,0.746819721473031,-0.55782829584239,0
31884462227,116.730499267578,-998.223266601563,41.0494270324707,-0.271096689788319,-0.961626947640371,0.0421923969179225,0.329199569005716,-0.133818436671728,-0.934730051818805,1,-90.9302825927734,-995.8359375,581.710815429688,0.886588620846453,-0.462557696884226,-0.00099721549567663,0.383169596055416,0.735628977754265,-0.558597411153098,0
31884462316,107.064933776855,-1028.56530761719,35.5814590454102,-0.314013713835342,-0.947561306371995,0.0593545128017651,0.327604250720283,-0.166817955876478,-0.929971625646286,1,-87.0846633911133,-1001.87243652344,578.691284179688,0.869588024053889,-0.493728134797569,-0.00701408093522892,0.404916074006393,0.721151833242804,-0.562123657589495,0
31884462406,94.7121124267578,-1068.4248046875,22.4628143310547,-0.362680413322811,-0.928476039242628,0.0799697589362185,0.311742745919589,-0.201744626672798,-0.928501785660732,1,-78.450325012207,-1014.59814453125,564.429748535156,0.830616222943034,-0.556063345452973,-0.0294999326693426,0.440218433818553,0.688170457968251,-0.576740107245983,0
31884462496,78.6658401489258,-1115.46691894531,0.489167869091034,-0.439211551699644,-0.894203669535989,0.0865621755847426,0.283941830686253,-0.22958481817006,-0.930949970756947,1,-78.0597305297852,-1020.38671875,562.104675292969,0.819539514514186,-0.572102345223684,-0.0324636833925712,0.454054233239036,0.682907179390827,-0.572252162612057,0
31884462625,30.0743141174316,-1210.62133789063,-50.7161483764648,-0.655779350310093,-0.742561534274298,0.136219717820412,0.195173903016054,-0.341053423700304,-0.919559519424263,1,-81.3916168212891,-1027.14819335938,556.037963867188,0.816308845691943,-0.576631896359502,-0.0336975451024604,0.456881640562403,0.680277503776354,-0.57313321695119,0
31884462713,30.0743141174316,-1210.62133789063,-50.7161483764648,-0.655779350310093,-0.742561534274298,0.136219717820412,0.195173903016054,-0.341053423700304,-0.919559519424263,1,-82.9147567749023,-1029.24182128906,551.541320800781,0.814336308199404,-0.579362815565369,-0.0345702919908611,0.454761534409088,0.673941718106855,-0.582232348308708,0
31884462823,8.36741924285889,-1250.21179199219,-92.7845840454102,-0.734930020501478,-0.643078907518197,0.215237969863356,0.0506368872052859,-0.368546841824635,-0.928229029407746,1,-84.9164123535156,-1031.99987792969,549.835693359375,0.812224276579688,-0.582313304675413,-0.0346834215815277,0.456456952713888,0.671447946940173,-0.583784810413031,0
31884462918,-3.83826351165771,-1259.97619628906,-112.457931518555,-0.748162390311442,-0.612084211154224,0.25613659671976,-0.00891691444273359,-0.376719488854853,-0.926284467835751,1,-86.6414337158203,-1034.39831542969,548.453002929688,0.810992708564759,-0.583948963232341,-0.0359782572489246,0.456758715811923,0.670379164539406,-0.584776240352916,0
31884463004,-27.4498615264893,-1282.7314453125,-146.689758300781,-0.776146668732134,-0.540478719185314,0.324775465089058,-0.12041908275705,-0.378535068758969,-0.917720243989198,1,-87.2164840698242,-1035.73950195313,546.54443359375,0.808837103279203,-0.586839471671382,-0.0374429545757444,0.457050078545084,0.667458626185958,-0.587881117260867,0
31884463144,-40.3558311462402,-1297.12316894531,-164.516876220703,-0.793198868376252,-0.497432438590963,0.351278414144794,-0.170749082340362,-0.372032895192656,-0.912379458215985,1,-89.6033630371094,-1044.35986328125,544.999816894531,0.796186892137443,-0.602842843263891,-0.051642415842291,0.46438296036703,0.663565895016582,-0.586539656878881,0
31884463263,-62.574535369873,-1323.36303710938,-193.879013061523,-0.805169184467514,-0.435221237889466,0.402846197045324,-0.244229887429363,-0.375663073088438,-0.893996094848289,1,-85.5182418823242,-1053.35021972656,536.237731933594,0.779013045921624,-0.621329194919,-0.0841944524610814,0.460682355711297,0.658271572614696,-0.595357290896538,0
31884463391,-70.3185958862305,-1333.3974609375,-205.24201965332,-0.796056846418596,-0.407217967707913,0.447735439792203,-0.287665414432584,-0.396297142327029,-0.871892874338792,1,-81.3738250732422,-1059.38891601563,528.598937988281,0.763487284954623,-0.637298360041159,-0.104584731206172,0.457774981152833,0.648265384626098,-0.608435746588003,0
31884463518,-83.3736801147461,-1357.30114746094,-222.019775390625,-0.745936821317341,-0.342572820303928,0.571158578147956,-0.386561488209151,-0.475653240703084,-0.790141892600424,1,-73.6371002197266,-1068.9912109375,516.845092773438,0.737162313604954,-0.663050378949124,-0.130214893065328,0.453558579115749,0.628372963540818,-0.632006355981831,0
31884463652,-86.5491180419922,-1369.57275390625,-227.547241210938,-0.730774762975803,-0.310084710763986,0.608124755250166,-0.417409957619987,-0.501919680233434,-0.757525947987294,1,-65.3225784301758,-1078.09924316406,498.726623535156,0.710040772053989,-0.687244619176973,-0.153417519968459,0.442581318931412,0.605015860356303,-0.661874296864786,0
31884463784,-50.493465423584,-1346.28515625,-263.86083984375,-0.870852463198911,-0.437511619288973,0.224052606160987,-0.153990369052565,-0.19003855992547,-0.969624830530092,1,-59.3521881103516,-1081.95947265625,486.655303955078,0.695797462158738,-0.699123937583779,-0.16459529625968,0.430784863221363,0.589589470636438,-0.683233969979535,0
31884463893,-13.8929710388184,-1307.91809082031,-275.909423828125,-0.881383587538468,-0.472370050629024,-0.00543202416721879,0.00986499126853748,-0.00690816695649777,-0.999927476958491,1,-57.579948425293,-1083.14453125,484.750427246094,0.686330830367851,-0.707051251895356,-0.170377576223474,0.432282540061703,0.584978246480216,-0.686245041295552,0
31884464015,41.8856086730957,-1252.21044921875,-284.283050537109,-0.856420666060676,-0.515769725886774,-0.0229179537234459,0.0137100459134264,0.0216547384444608,-0.999671499515693,1,-52.9459114074707,-1082.01696777344,480.328552246094,0.692413312418311,-0.700414401310315,-0.173157359713689,0.424200766665847,0.58933442511548,-0.687559920977012,0
31884464155,34.3096046447754,-1255.28845214844,-268.296173095703,-0.865325147170875,-0.500941467755584,0.0164327586419673,-0.00230124176697107,-0.0288148820080164,-0.999582116117127,1,-49.9442977905273,-1066.71899414063,482.864166259766,0.731459442223523,-0.66029030393579,-0.170246288976983,0.394691964802154,0.613572614186123,-0.683920243918413,0
31884464277,23.6981430053711,-1266.50561523438,-253.542572021484,-0.873006260334987,-0.487091010953116,0.0245441737402806,0.00198447702466386,-0.0538727727623956,-0.998545835806164,1,-45.4349517822266,-1056.06701660156,489.425872802734,0.747132832111515,-0.646717960702841,-0.153454913526371,0.39156224355933,0.614805858199836,-0.684611397905372,0
31884464373,16.2237205505371,-1282.41491699219,-190.868041992188,-0.881640217701692,-0.467138592891272,0.0670228435869122,0.0567233046386322,-0.245887096089642,-0.967637330143622,1,-43.0756378173828,-1051.71862792969,490.736206054688,0.751264287914549,-0.643224489578407,-0.147865566346067,0.388766618577597,0.612321489326374,-0.68842059091,0
31884464495,11.894926071167,-1288.70227050781,-179.636734008789,-0.881672787175537,-0.463127989457147,0.0903634978047009,0.0419525424109069,-0.267683450318843,-0.962593140745694,1,-37.7645034790039,-1045.31176757813,490.330291748047,0.755030427401807,-0.641163386844381,-0.137253652292707,0.386781696372113,0.60454312288093,-0.696367382872636,0
31884464585,-7.55668449401855,-1309.07861328125,-177.641159057617,-0.911191909548631,-0.383183455518831,-0.151326611637766,0.190210408750349,-0.0654646037399612,-0.979558260676819,1,-36.1207427978516,-1042.37121582031,490.721496582031,0.758936598076997,-0.636872491781853,-0.135678551403265,0.38358546237918,0.605632313840717,-0.697188420359439,0
31884464684,-15.2206201553345,-1310.40576171875,-142.512847900391,-0.863648878741742,-0.38055489322635,-0.330588244633128,0.367732623202916,-0.027059436826375,-0.929537790899833,1,-35.778076171875,-1037.14465332031,492.391296386719,0.76707169184396,-0.627410922025852,-0.134002068992663,0.377963380414205,0.61071176249302,-0.695826721403063,0
31884464816,53.7007026672363,-1204.82495117188,-118.359405517578,-0.586284714038457,-0.808860481587092,0.0448882547170391,0.263915008455531,-0.243093207754234,-0.933410178140175,1,-35.3984375,-1030.64038085938,491.666809082031,0.772309755843161,-0.625355820071142,-0.111659031576611,0.37936205972618,0.595021693002475,-0.708543303190976,0
31884464959,71.7044296264648,-1203.6513671875,-121.523155212402,-0.606128212310924,-0.759356196336716,0.236615209413509,0.131066096023664,-0.388784719605337,-0.91195839832446,1,-37.109733581543,-1026.09228515625,494.699676513672,0.779079865653974,-0.620623955084527,-0.0886592877696689,0.389940333734034,0.590444090473091,-0.706627421030909,0
31884465049,71.9144515991211,-1222.84130859375,-135.784774780273,-0.69363187375324,-0.684766517482807,0.223538900972599,0.0155766996096294,-0.324514888239918,-0.945752321561996,1,-38.4103813171387,-1020.90692138672,494.661407470703,0.790521149325535,-0.606581989371633,-0.08446657705263,0.376971130963124,0.590634529297988,-0.713472928162889,0
31884465169,95.3291244506836,-1204.80615234375,-126.826286315918,-0.649581865126409,-0.522104823944059,0.552675269315751,-0.150555414873015,-0.624196348299335,-0.766623757668773,1,-37.5535049438477,-1016.94226074219,495.165893554688,0.803853196088828,-0.589831279643062,-0.07693569192776,0.363062592922878,0.588976915896964,-0.722005364357231,0
31884465259,98.7687072753906,-1199.9775390625,-124.307487487793,-0.656188851920265,-0.457332287639344,0.600219434288935,-0.191170052738668,-0.668717377372408,-0.718520062445067,1,-35.057991027832,-1015.2177734375,495.716735839844,0.811436892474943,-0.579599559963641,-0.0750634373084627,0.35685205803558,0.593065211141614,-0.721754988905047,0
31884465404,101.283851623535,-1183.94909667969,-119.751472473145,-0.640101888212739,-0.369993506678348,0.673330808534962,-0.190171122199812,-0.772827254163215,-0.605452706248646,1,-28.8915481567383,-1009.30413818359,492.224212646484,0.825347582032913,-0.557090745552029,-0.0919307894707058,0.327455705744178,0.604914538695555,-0.725845136134649,0
31884465564,122.614593505859,-1154.95129394531,-121.521812438965,-0.591706246343267,-0.263038979724775,0.762032947570976,-0.18475706934727,-0.875862282367946,-0.445791529362571,1,-26.4423046112061,-999.21435546875,491.994598388672,0.84419352138881,-0.52608955107568,-0.102796316539802,0.305282834981529,0.629490208367463,-0.714523945179676,0
31884465685,127.90828704834,-1150.07580566406,-121.599166870117,-0.609244850912838,-0.256933372871182,0.750203941299452,-0.192312829848028,-0.869937890996173,-0.454118752404009,1,-20.0812377929688,-982.6015625,483.114135742188,0.862143576613513,-0.499690647421069,-0.083771774387159,0.294568303335744,0.628865957133588,-0.719553418884489,0
31884465807,141.584182739258,-1147.19677734375,-123.387901306152,-0.624922793829019,-0.291406740204546,0.724260735865403,-0.191469966453972,-0.842177896803299,-0.504059165259484,1,-15.4722633361816,-975.688354492188,479.929626464844,0.870611307214954,-0.4868089243069,-0.0710846183406003,0.292948548170891,0.629053466644523,-0.720050612267689,0
31884465907,151.35124206543,-1139.25952148438,-131.473327636719,-0.602817651081668,-0.279344378267013,0.74738049069734,-0.21008997675892,-0.848081514044494,-0.486435964132419,1,3.14117956161499,-960.094055175781,473.956207275391,0.872378916264357,-0.485674216051458,-0.0554579328881632,0.291944352804593,0.608642525115956,-0.737782333405985,0
31884466003,159.724838256836,-1122.77941894531,-140.183883666992,-0.578799638677694,-0.214071420846747,0.786870005174442,-0.19863386438211,-0.898854616497966,-0.390646856279332,1,22.9944744110107,-947.389770507813,473.942077636719,0.872962478145099,-0.484250994379386,-0.0586300792541102,0.286824641553527,0.606811483797792,-0.741290393927247,0
31884466137,166.169891357422,-1102.15563964844,-153.224426269531,-0.576257635108607,-0.142602888165105,0.804730734013562,-0.172523265982647,-0.941244356499509,-0.290335640341495,1,29.6619243621826,-939.848266601563,472.454193115234,0.878460817553259,-0.47310304268161,-0.0669335717638198,0.272662786382868,0.611382639236964,-0.742877024386658,0
31884466302,187.474197387695,-1093.16394042969,-173.960311889648,-0.504015656719974,-0.136025346869253,0.852915777078975,-0.169292040047074,-0.952805398275067,-0.25199618686518,1,53.0060234069824,-920.067260742188,469.613922119141,0.896364036356855,-0.435698987577141,-0.0818407389403403,0.231675302046523,0.617776751072682,-0.751450890115737,0
31884466456,217.423202514648,-1093.39929199219,-195.715133666992,-0.468402897580357,-0.134170701829533,0.873267970504413,-0.194033666948068,-0.948649991084345,-0.249828201983599,1,66.2258529663086,-910.185485839844,463.805206298828,0.910224302975711,-0.403474502832672,-0.0932740255178712,0.205764911817938,0.636113901021605,-0.74365308174688,0
31884466969,273.158843994141,-1119.60192871094,-240.764938354492,-0.83874177480502,0.427240457688959,-0.337606022622011,-0.397460610917555,-0.904133939800558,-0.156738258474968,1,93.8192749023438,-865.287780761719,436.325134277344,0.963289917717726,-0.26366874608526,-0.0505106598769282,0.149375345201898,0.682744082866428,-0.715225505387423,0
31884467141,268.536712646484,-1105.30712890625,-243.921081542969,-0.817767509782791,0.485948199052135,-0.3084001423178,-0.397688276919116,-0.864434244562394,-0.307567019085189,1,90.5498886108398,-847.7421875,437.035858154297,0.981378308259891,-0.184130145482292,-0.0547056267821164,0.0940407622725829,0.708898197750481,-0.69901336200198,0
31884467234,298.466339111328,-1032.7841796875,-252.801773071289,-0.845224838896121,0.458741287062415,-0.274137562653032,-0.298668064372143,-0.830871434968825,-0.46952108139789,1,86.9296493530273,-841.180908203125,435.594360351563,0.986868907608364,-0.152836291381725,-0.0522573175024734,0.0745349735585213,0.717922670658168,-0.692121070819025,0
31884467416,356.3466796875,-926.096862792969,-258.559326171875,-0.902488683095896,0.325151642946434,-0.282472274698013,-0.124503817799928,-0.82476637199125,-0.551596982393516,1,86.9296493530273,-841.180908203125,435.594360351563,0.986868907608364,-0.152836291381725,-0.0522573175024734,0.0745349735585213,0.717922670658168,-0.692121070819025,0
31884467540,406.882690429688,-828.285034179688,-240.552520751953,-0.918067613174433,0.179017349274803,-0.353701351847603,0.0852438136752971,-0.782210027254133,-0.617155544002628,1,86.9296493530273,-841.180908203125,435.594360351563,0.986868907608364,-0.152836291381725,-0.0522573175024734,0.0745349735585213,0.717922670658168,-0.692121070819025,0
31884467707,435.001251220703,-773.033264160156,-221.286895751953,-0.899312305194453,0.0836683444951376,-0.429228360963348,0.244481346736088,-0.717616255402886,-0.652116386145639,1,80.5854721069336,-809.816467285156,363.139221191406,0.995561256431711,0.0932214273517762,0.0129441173747456,-0.0548505449175647,0.686460218319609,-0.725095708432232,0
31884467805,448.442352294922,-763.757934570313,-216.988540649414,-0.892926519738229,0.0857573174217721,-0.44195917555448,0.27125078668279,-0.681018208788632,-0.680174396770631,1,80.5854721069336,-809.816467285156,363.139221191406,0.995561256431711,0.0932214273517762,0.0129441173747456,-0.0548505449175647,0.686460218319609,-0.725095708432232,0
31884467912,479.602569580078,-746.719848632813,-214.878189086914,-0.881465388898706,0.049082178966465,-0.469691077072535,0.335325795163577,-0.635274682984593,-0.69568864318511,1,96.1469879150391,-817.611755371094,347.845947265625,0.989212684658773,0.142555653022115,0.033706828709051,-0.0746568052408605,0.688599814923391,-0.721288192277331,0
31884468041,502.639007568359,-743.004028320313,-213.317749023438,-0.870461331744014,0.019890859426602,-0.49183475238103,0.389675580866533,-0.582639819279389,-0.713220711047016,1,120.505722045898,-832.615234375,322.650268554688,0.979702892964247,0.189307273022611,0.0659165980480423,-0.0852949225203062,0.691267456423389,-0.717547266653698,0
31884468137,524.291076660156,-738.992797851563,-211.3466796875,-0.855047556226363,0.00444030685607844,-0.518530577947289,0.441968950401798,-0.516764945314897,-0.733224002726605,1,133.608108520508,-845.074951171875,303.357360839844,0.974138571463891,0.204440983994015,0.0962181253706818,-0.0760824387392421,0.697754374429409,-0.712285262714394,0
31884468229,545.5888671875,-740.458068847656,-213.864654541016,-0.847672551556572,-0.00361937322510416,-0.530507441488833,0.480471307840427,-0.429229281647868,-0.764793793200602,1,149.940628051758,-862.711303710938,271.921203613281,0.961853497358744,0.233982173929036,0.141739874072879,-0.0577022998747422,0.679990020189181,-0.730947342174717,0
31884468416,570.01123046875,-749.975891113281,-209.153854370117,-0.838583073826975,-0.157284811467222,-0.521574459087696,0.543663958337804,-0.302699793043478,-0.782816923485885,1,176.082168579102,-898.123291015625,253.426544189453,0.952814391634057,0.266021726125146,0.146209357855165,-0.045314134561878,0.600911259881041,-0.798030254412129,0
31884468522,573.284423828125,-752.840759277344,-204.526580810547,-0.827794133380355,-0.162459474336181,-0.536995150759743,0.561029859527398,-0.242331730833776,-0.791530687307684,1,184.032760620117,-916.112243652344,251.603042602539,0.944713308859779,0.288376335710854,0.156063618646974,-0.0464174327745682,0.588774922136399,-0.80696314227968,0
31884468617,577.031860351563,-756.42822265625,-202.45393371582,-0.817813225489674,-0.175709300263979,-0.548003439783838,0.574454196177418,-0.192317223293193,-0.795623316726548,1,188.593246459961,-926.636779785156,254.169494628906,0.942258507514607,0.296488395054206,0.15570336096092,-0.0562505830791747,0.598461110904781,-0.799174680928937,0
31884468749,576.938232421875,-769.816589355469,-197.52326965332,-0.803722874839533,-0.189512317975356,-0.56401650844216,0.588610719716738,-0.1146560866626,-0.800244589126201,1,193.804077148438,-942.571472167969,259.658874511719,0.940655566750768,0.30787485106329,0.142759170716099,-0.0830340877069932,0.616683114842049,-0.782820079039479,0
31884468848,572.943115234375,-772.99560546875,-196.066665649414,0.120538356216462,-0.975862700457689,0.182105723512635,0.59096138792078,-0.0768580241694889,-0.803030187544346,1,195.392990112305,-944.578796386719,257.922576904297,0.93913777299742,0.314518735168546,0.138196268247099,-0.0848935425125971,0.602262815056168,-0.793771118169641,0
31884468950,544.243347167969,-745.0751953125,-192.92333984375,0.307008096839488,-0.940856902197052,0.14329800439351,0.588076556108533,0.0691588309575667,-0.805843049393683,1,195.262161254883,-946.072265625,253.485565185547,0.936200963922051,0.323807354435731,0.136662183374758,-0.0810503113523773,0.577260465125795,-0.812527662564441,0
31884469051,544.243347167969,-745.0751953125,-192.92333984375,0.307008096839488,-0.940856902197052,0.14329800439351,0.588076556108533,0.0691588309575667,-0.805843049393683,1,201.490997314453,-956.850891113281,244.117416381836,0.94428350455744,0.306686795015289,0.119464943744891,-0.0703671242123217,0.542691205209726,-0.836979524013642,0
31884469185,487.358032226563,-700.736389160156,-183.156188964844,0.561270959835203,-0.824423979970619,0.0728011737204438,0.530190794693767,0.290619122094397,-0.796516319415411,1,201.821746826172,-967.424438476563,243.577041625977,0.949931531632161,0.292334904878315,0.110319484229958,-0.0662029180647872,0.533360612547627,-0.84329332418947,0
31884469287,457.893249511719,-683.054565429688,-183.344665527344,0.652680114952242,-0.755989620179429,0.0498834815032974,0.480268227763897,0.361917615324032,-0.798973134165781,1,200.419509887695,-971.921081542969,248.527099609375,0.94644155298528,0.302150494860667,0.113813291131855,-0.0722273589389317,0.541695938452143,-0.837465652361432,0
31884469493,337.300659179688,-621.664611816406,-179.261962890625,0.884601374157089,-0.465201328549374,0.0326823003365418,0.286795320304123,0.487413754636416,-0.824728001248222,1,196.792373657227,-977.02587890625,256.783416748047,0.947961145103743,0.297478554594449,0.113473243233798,-0.0777328845511602,0.561859590079787,-0.823572340292418,0
31884469659,256.101379394531,-592.32470703125,-166.599319458008,0.960282067990901,-0.271775538217564,0.0632171394613272,0.196295507979924,0.496965458134437,-0.845277118445858,1,193.920639038086,-967.6220703125,247.8232421875,0.95250602429557,0.287795877095438,0.0995279197387078,-0.0642329097529814,0.509362034419571,-0.858151764664398,0
31884469827,182.309722900391,-544.450012207031,-130.084777832031,0.990860009576273,-0.12568693170269,0.0489820030385884,0.102932545807805,0.46978982026284,-0.876756759763467,1,178.985046386719,-948.131103515625,253.006927490234,0.949746968458938,0.302486599159526,0.0805143045176526,-0.0841275648850406,0.494422341625251,-0.865141087296354,0
31884469988,165.999969482422,-524.104431152344,-119.461387634277,0.992443479759953,-0.110933055483573,0.0524385038214793,0.100472551051417,0.48937196536473,-0.866268056666227,0,160.571014404297,-924.833312988281,251.498138427734,0.928660130797089,0.364114930934581,0.0707861465149718,-0.12022357044914,0.475990671373073,-0.87119410803464,0
31884470147,135.751007080078,-481.516052246094,-115.580513000488,0.993822249197655,-0.0285722828976156,0.107242536568903,0.109569453857172,0.406354121932643,-0.907122297361161,0,153.172927856445,-885.255187988281,235.687850952148,0.917047066954407,0.39653795247404,0.0422176413127856,-0.13544352520633,0.409294442910322,-0.902293250823928,0
31884470304,85.8912582397461,-416.472381591797,-113.800422668457,0.974991075736916,0.0531757097376165,0.215788660794008,0.191897309683655,0.288347847069803,-0.938099643761997,0,147.805053710938,-853.984558105469,227.022430419922,0.913160193594699,0.406632001139708,0.028086945067203,-0.138913809212635,0.375255580266093,-0.916453055583969,0
31884470470,59.4064674377441,-364.506072998047,-148.012680053711,0.897250338303365,0.110378844559485,0.427502445710209,0.397199738950671,0.221027133525984,-0.890718459235468,0,139.527206420898,-814.5078125,221.693878173828,0.916720105131811,0.399053910877244,0.0194993605202224,-0.130565793759963,0.345351706520918,-0.929346422117673,0
31884470577,65.6205368041992,-338.592041015625,-198.672424316406,0.947672288605442,0.107410309558368,0.300633096664189,0.29526735422716,0.0631618488063132,-0.953324588156134,0,140.582290649414,-797.408935546875,217.523574829102,0.921915958788751,0.387135927275079,0.0140263588818361,-0.124392869942541,0.330127699646084,-0.935704074926386,0
31884470759,67.2669372558594,-341.653717041016,-221.554183959961,0.972332682037134,0.226011149144177,-0.0590602734924443,-0.0606970499526928,0.000293559563078109,-0.998156191159391,0,141.556274414063,-775.8447265625,211.626876831055,0.922576885867781,0.385549776005049,0.0142569241060012,-0.119620300100026,0.320978864235347,-0.939501757591845,0
31884470875,70.3247604370117,-353.475524902344,-238.706069946289,0.969771007557287,0.237140382404143,-0.0575207087451188,-0.061454674173649,0.00922418028278871,-0.998067251000814,0,147.655364990234,-765.672424316406,219.134140014648,0.927973554572541,0.372280472914397,0.0165024695314603,-0.122449193454704,0.346452741362843,-0.930041231894836,0
31884470982,79.0121765136719,-377.988342285156,-271.379241943359,0.970073716034971,0.236973274702899,-0.0529211917353194,-0.056938433852582,0.0101355887980396,-0.998326241561411,0,148.838012695313,-763.436767578125,223.124237060547,0.928642787437687,0.370698800860311,0.0143168565226606,-0.130167506489746,0.361737599330274,-0.92314805393556,0
31884471095,84.9408798217773,-389.540435791016,-285.711639404297,0.970111168806672,0.236998329038552,-0.0521163332314016,-0.0561898635530941,0.0104611529670751,-0.998365295627049,0,144.550628662109,-754.895324707031,226.801376342773,0.917521371035083,0.397238141182081,0.0188783708011953,-0.140862632131146,0.369017358899874,-0.918685967945329,0
31884471209,9.2657585144043,-306.239898681641,-215.923034667969,0.970438341245281,0.236290241397322,-0.0491563593190414,-0.0517360470463874,0.00472581727079493,-0.998649612270058,0,143.107757568359,-750.785217285156,227.852432250977,0.914076848519137,0.404915564036419,0.0225144620719828,-0.141264131424244,0.369953971350873,-0.918247517968152,0
31884471348,-30.5546531677246,-269.677703857422,-140.208908081055,0.970582204199942,0.23607808765602,-0.0473003321241931,-0.0491748752521268,0.00205547001430335,-0.99878806895505,0,141.127990722656,-747.024291992188,225.936584472656,0.910926781284882,0.411995721755772,0.0217238208634253,-0.142181201081678,0.36292199960905,-0.920908316966863,0
31884471523,-37.7998352050781,-262.873291015625,-109.427131652832,0.970670483012866,0.235951980179766,-0.0461028898965877,-0.047790320867316,0.00143456760619721,-0.998856359666985,0,138.217956542969,-746.422912597656,225.456359863281,0.90744774434711,0.419427985833906,0.0248748061028673,-0.142318787084665,0.362535503533453,-0.921039288803955,0
31884471638,-39.544506072998,-260.139831542969,-88.424072265625,0.970867927391202,0.235586657039949,-0.0437537951251372,-0.0452868758928447,0.00109809699325053,-0.998973419593765,0,137.723419189453,-746.961364746094,225.415710449219,0.90720162133671,0.419970380949429,0.0247001491743817,-0.142021754539113,0.360997417046787,-0.921689039819385,0
31884471753,-34.8307495117188,-259.996887207031,-88.1039199829102,0.970872998963366,0.235627979216285,-0.043417453798325,-0.0449483797149621,0.00112730067390849,-0.998988674787753,0,137.494720458984,-748.793701171875,227.413513183594,0.907203450011713,0.420043117382325,0.0233597908077958,-0.146024092876632,0.366483193953191,-0.918894462302077,0
31884471864,-31.7601413726807,-259.823608398438,-83.4884948730469,0.971019281100766,0.235325995273657,-0.0417520260468042,-0.0432289262492501,0.00111824049021826,-0.999064567219528,0,137.848846435547,-748.900695800781,230.229370117188,0.907790361063963,0.418983816283148,0.0192151516301089,-0.152509789913406,0.372418656815046,-0.915448036775789,0
31884472042,-21.4679546356201,-260.484375,-80.6961669921875,0.971335877170878,0.23467734196628,-0.0378570850478772,-0.0392408819828165,0.00122797676782499,-0.999229025426237,0,139.239868164063,-747.938720703125,231.089599609375,0.909497786649752,0.415546889120989,0.0115999578047141,-0.158837728249412,0.373160588429049,-0.914068789166249,0
31884472153,-15.1462926864624,-261.2314453125,-81.4644622802734,0.971580181745826,0.234138810425302,-0.03479896394107,-0.0361364854592464,0.00142348424539846,-0.999345850099582,0,140.651779174805,-748.255493164063,232.782135009766,0.909461837442697,0.415662161026038,0.0102046130018012,-0.162435719339429,0.377785009077143,-0.91153339159861,0
31884472267,-12.9742469787598,-261.230163574219,-81.4799575805664,0.971629120957581,0.234010929578436,-0.034289009099643,-0.035608176577261,0.00141323145604857,-0.99936482854746,0,143.739547729492,-749.580627441406,233.678405761719,0.910451930780002,0.413492552274087,0.0100593713932532,-0.162645710570842,0.380272307965216,-0.910461061565904,0
31884472380,-11.3668813705444,-261.967529296875,-83.2101745605469,0.971858509629199,0.233418705047449,-0.0317292514138629,-0.0330131088460419,0.00159436544236264,-0.999453647070816,0,144.453170776367,-749.796630859375,234.003707885742,0.910156163226959,0.414129691875106,0.0105998512918681,-0.16259891154032,0.380652631940179,-0.910310478772445,0
31884472528,-10.9668970108032,-262.364532470703,-84.5976333618164,0.971977687347838,0.233137959595369,-0.0301009483846736,-0.0313817495724,0.00178557610696415,-0.999505876676942,0,146.752807617188,-751.106384277344,235.985305786133,0.911310546198003,0.411596980350305,0.010050579824419,-0.164593398468265,0.386582247321484,-0.907448719893603,0
31884472650,-10.3448705673218,-262.415588378906,-85.1979446411133,0.972038634752284,0.233032511621975,-0.0289264770766968,-0.0301937196643707,0.00187194584447443,-0.999542312817014,0,146.961273193359,-751.218139648438,235.833602905273,0.911544725485076,0.411096238414149,0.00927880391401028,-0.164731699485072,0.385757298971804,-0.907774627027401,0
31884472802,-10.9379072189331,-262.577545166016,-86.2896347045898,0.972097030516827,0.232915652692539,-0.027886591601965,-0.0291345311847684,0.00191867256678467,-0.999573658010367,0,146.643707275391,-752.266479492188,236.694717407227,0.910873645935622,0.412507799726013,0.012104391977693,-0.163704904484941,0.388096224883431,-0.906963077792479,0
31884472988,-11.1442432403564,-262.577270507813,-86.691764831543,0.972118703835139,0.23292141398561,-0.0270710280712404,-0.0282886490317873,0.00188810017533114,-0.999598012910032,0,146.97802734375,-752.529479980469,236.972564697266,0.91205651968506,0.409856954587154,0.0130453699265425,-0.16173458447682,0.388778448513653,-0.907024388952925,0
31884473101,-11.6567087173462,-262.648284912109,-87.304069519043,0.972133585427942,0.232893230581111,-0.0267775135609447,-0.0279920517267513,0.0019109264760864,-0.999606319207782,0,147.697006225586,-753.456970214844,236.939270019531,0.912697262939311,0.408464405239864,0.0118547827957187,-0.162533153402847,0.389485230875305,-0.906578308242006,0
31884473252,-12.4775543212891,-262.788452148438,-88.459602355957,0.97211511410013,0.233031634032698,-0.0262385685231177,-0.0274464921141873,0.00194186308791977,-0.999621387945643,0,147.94841003418,-753.866882324219,237.181793212891,0.912535235005413,0.408829712026655,0.0117350516751144,-0.162994193735208,0.389829736340765,-0.906347433092354,0
31884473426,-12.8223819732666,-262.750396728516,-88.5202560424805,0.972111274182271,0.23309059188111,-0.0258543339545883,-0.0270373465133694,0.00188112653368068,-0.999632654156756,0,150.23046875,-754.834167480469,237.805786132813,0.914178106585907,0.405188399761974,0.0100374367911978,-0.163555783960599,0.391443881529548,-0.905550215695472,0
31884473584,-13.4428958892822,-262.842712402344,-89.7068328857422,0.972095309696225,0.233189731598404,-0.0255589112378659,-0.0267583464113204,0.00198102127384316,-0.999639968414651,0,150.845703125,-755.049682617188,238.323654174805,0.913647633561278,0.406398824742028,0.00938066821576672,-0.165406573945126,0.392741204491751,-0.904651873147955,0
31884473731,-13.9330406188965,-262.738403320313,-89.6216506958008,0.972048794983693,0.233409369169865,-0.0253220566794414,-0.0265019515724598,0.00191969228447742,-0.999646918338862,0,151.440979003906,-755.05419921875,238.188873291016,0.914165833920453,0.405261000828771,0.00802180152994664,-0.166266293181837,0.392956361461709,-0.904400805914251,0
31884473846,-14.163046836853,-262.768218994141,-90.1604919433594,0.972017823688402,0.233544349439415,-0.025266326938911,-0.0264395766383202,0.00189381975169882,-0.999648619382798,0,151.601348876953,-754.769470214844,236.433090209961,0.913649559506716,0.406451732136323,0.00643986463889113,-0.165397260762389,0.386169279260484,-0.907478393069354,0
31884473991,-14.4092063903809,-262.855773925781,-91.2814407348633,0.971971833422008,0.233752971592663,-0.0251058420663414,-0.0262981453770539,0.00198477470658602,-0.99965217361795,0,152.616195678711,-754.891723632813,237.897399902344,0.914032875713937,0.405576347959706,0.00719222425802614,-0.166564056993313,0.391428269059376,-0.905008466865979,0
31884474104,-14.8863048553467,-262.779876708984,-91.1634368896484,0.971930492575489,0.233945679932198,-0.0249105689021361,-0.0260888143082062,0.00194263512697019,-0.999657741397902,0,153.163070678711,-754.544494628906,237.530166625977,0.914696620511858,0.404081338727286,0.00695443143266397,-0.165428633769074,0.390061028955826,-0.905806690646089,0
31884474224,-14.9181861877441,-262.860168457031,-92.2968978881836,0.971877352918143,0.234168831489089,-0.0248871300847918,-0.0260873998441781,0.00202906683204567,-0.999657606611964,0,152.432998657227,-754.174682617188,237.390243530273,0.913533190292175,0.406705429980938,0.00691400452862786,-0.166461322706011,0.389302993461342,-0.905943600521028,0
31884474378,-15.3114795684814,-262.794219970703,-92.3553085327148,0.971836216043326,0.234351755815325,-0.024771429770286,-0.02594822286651,0.00193888183989153,-0.999661407911339,0,150.115051269531,-754.011779785156,238.236038208008,0.911077293810437,0.412173735907677,0.00713975706583234,-0.169828593342163,0.391061586392676,-0.904560160813788,0
31884474530,-15.3372068405151,-262.833251953125,-92.8456192016602,0.971800166916432,0.234498594678003,-0.0247960616880205,-0.0259776726253287,0.00195080144037389,-0.999660619859916,0,148.087951660156,-753.758361816406,239.661209106445,0.909623602222441,0.415297290185562,0.010633110758416,-0.169257087365127,0.393854667763398,-0.90345477975251,0
31884474659,-15.336446762085,-262.904815673828,-93.8578414916992,0.971760698168599,0.234674753679989,-0.024676010214663,-0.0258663918531194,0.00199526490396796,-0.99966341770141,0,147.373611450195,-753.904296875,240.483184814453,0.908719291629382,0.417250599032039,0.0114536731225933,-0.170333458317894,0.39573683450672,-0.902429427042396,0
31884474808,-15.7190036773682,-262.842803955078,-94.0193557739258,0.971702226326989,0.234934212777075,-0.0245091619193645,-0.0257097867192304,0.00204843747413764,-0.999667350057391,0,146.187545776367,-753.977111816406,241.337341308594,0.907753763358822,0.419338851139648,0.0117487460086959,-0.171741429863949,0.397033359632944,-0.901592697733774,0
31884474985,-15.8028974533081,-262.925567626953,-95.2578659057617,0.971612060386524,0.235299831518874,-0.0245762771518254,-0.0257976406672802,0.00211328620790916,-0.999664951750038,0,145.226058959961,-753.281005859375,242.73225402832,0.907749032987556,0.419236738405603,0.0152397598796095,-0.169821994544715,0.400438163102369,-0.90044975856516,0
31884475110,-16.0546379089355,-262.892730712891,-95.1379852294922,0.971592519834117,0.235385352113314,-0.0245298066213506,-0.025747172250294,0.0020992783445029,-0.999666282392052,0,145.806427001953,-754.142883300781,245.799240112305,0.908277006138015,0.417640970897732,0.0246758900257537,-0.164501200051899,0.410739749242651,-0.896789949527518,0
31884475256,-15.9629135131836,-263.001647949219,-96.0793609619141,0.971535777362076,0.23561527730294,-0.0245697864648169,-0.025796479087197,0.00212485299762449,-0.999664957206384,0,146.558883666992,-755.005126953125,245.995101928711,0.908458127440623,0.417181021338217,0.0257648233504393,-0.16432984768398,0.41316479575933,-0.895706733649642,0
31884475438,-16.3155574798584,-262.989074707031,-96.1567764282227,0.971489432595064,0.235814691347527,-0.0244890526723861,-0.0257134159856973,0.00211781267298556,-0.999667112146753,0,144.056793212891,-756.409973144531,247.535552978516,0.90582411993336,0.421631900184931,0.0413425264515564,-0.154029868812022,0.418670228649573,-0.894980468589268,0
31884475562,-16.3398456573486,-263.071014404297,-96.7780456542969,0.971411932202611,0.236129012953617,-0.0245346126103488,-0.0257771339710494,0.0021759863447514,-0.999665346227259,0,143.636489868164,-757.423095703125,249.490036010742,0.904348441609612,0.423997644637987,0.0487841521367972,-0.152664055806665,0.428105091726128,-0.89074110520556,0
31884475745,-16.4916133880615,-263.134094238281,-97.409309387207,0.971332407368037,0.236442962535858,-0.0246592754127335,-0.0259134081532521,0.0021975620249363,-0.999661775801711,0,143.987121582031,-757.819641113281,249.287307739258,0.905012119757541,0.422648901580114,0.0481764370318634,-0.151043185791112,0.425151993708602,-0.892430242804261,0
31884475956,-16.7553043365479,-263.140869140625,-97.485710144043,0.971280058077828,0.236654107607345,-0.0246957918055393,-0.0259506920061271,0.00218873849277463,-0.999660827985279,0,144.023391723633,-758.074340820313,248.938690185547,0.904210006998014,0.424528557698805,0.0466879742848563,-0.152019633064591,0.422077125506926,-0.893723073041486,0
31884476129,-16.5147857666016,-263.235870361328,-98.8500289916992,0.971194653064784,0.236980236845518,-0.0249261549986484,-0.0261855360967427,0.0021677056853218,-0.999654749776836,0,144.937316894531,-758.412963867188,248.543106079102,0.905064045776479,0.422911941721791,0.0447723418174207,-0.152341663140419,0.420701329620777,-0.894316727410889,0
31884476250,-16.9504070281982,-263.200531005859,-98.3223342895508,0.971174220233369,0.237066815411349,-0.0248989755779138,-0.0261485091204425,0.00212746971163506,-0.999655805436753,0,145.027221679688,-758.385009765625,247.947128295898,0.904667829308014,0.423723447533909,0.0451060819081432,-0.151495467904832,0.418762971577901,-0.895369586729158,0
31884476367,-16.7040309906006,-263.245330810547,-99.2948913574219,0.971122550189315,0.237268712994946,-0.0249910053323835,-0.0262449256316123,0.00212711850471591,-0.999653279515181,0,144.875152587891,-758.1796875,246.160888671875,0.903979113677539,0.425184126453781,0.045168801694384,-0.148224038347032,0.410709085855956,-0.899637527702942,0
31884476458,-16.7000217437744,-263.242767333984,-99.5535049438477,0.971107000808503,0.237344606424163,-0.0248742996297864,-0.0261334302158242,0.00215977489122632,-0.999656130475662,0,145.146987915039,-758.718200683594,246.730560302734,0.904525766465358,0.424025748713856,0.0451143239770976,-0.148791180306344,0.412995030136478,-0.898496683213474,0
31884476979,-16.9708213806152,-263.223937988281,-101.284515380859,0.970941315580038,0.238018962314932,-0.0248984995176066,-0.0261328546526646,0.0020314495809648,-0.999656414534665,0,144.384887695313,-759.892578125,245.460952758789,0.904325751856313,0.424023494304316,0.0489796979111855,-0.142943901842962,0.408968923134786,-0.901283230086904,0
31884477200,-17.2682781219482,-263.19287109375,-101.728225708008,0.970875282111818,0.238280777800884,-0.0249691312404852,-0.0262030897201443,0.00201201642966456,-0.999654615294205,0,145.254180908203,-760.41748046875,244.984725952148,0.904853634766899,0.422840830290037,0.0494523193466624,-0.141375277836061,0.408021024718737,-0.90196001807411,0
31884477344,-17.0938587188721,-263.257690429688,-102.7607421875,0.970822160645616,0.238494367677468,-0.0249953792830238,-0.0262358657934236,0.00202787155069762,-0.999653723587845,0,145.53059387207,-760.439636230469,245.006652832031,0.90484402397367,0.422782083163522,0.0501258659281705,-0.140958902275777,0.40859711721188,-0.901764372591504,0
31884477494,-17.147741317749,-263.262145996094,-103.347564697266,0.970757718146894,0.238758056198016,-0.0249808578471849,-0.0262012148297552,0.00193835057771524,-0.99965480999117,0,146.0810546875,-760.641845703125,244.615295410156,0.905415344804441,0.421527767855502,0.0503725552202166,-0.139323938430939,0.407129568889143,-0.902681756942186,0
31884477611,-17.4448566436768,-263.20166015625,-103.103157043457,0.970731159087689,0.238873576055509,-0.024908461187413,-0.0261091477478225,0.00186306355575033,-0.999657361998635,0,146.088943481445,-760.643737792969,244.446548461914,0.905347385743282,0.421661963162604,0.0504707831290913,-0.139307696068142,0.407152040291325,-0.90267412830035,0
31884477738,-17.3760585784912,-263.205108642578,-103.57487487793,0.970715720469654,0.238931988358824,-0.0249498491373967,-0.0261425347643188,0.00182348562960323,-0.99965656241344,0,146.593872070313,-760.918090820313,244.757781982422,0.90610532064947,0.419984659743374,0.0508530576363283,-0.138509052341857,0.408091573817309,-0.902372711133638,0
31884477860,-17.2289619445801,-263.237152099609,-104.488220214844,0.970634832181557,0.239251959820264,-0.0250304270447634,-0.0262298141590558,0.00182986224314002,-0.999654264460145,0,146.057723999023,-760.9296875,245.248550415039,0.905677143616793,0.420939387683951,0.050586000300348,-0.139791364833996,0.40913120923429,-0.901703958041849,0
31884477983,-17.5038509368896,-263.177185058594,-104.57740020752,0.970585091896042,0.23945961500145,-0.0249734293301758,-0.0261727074951598,0.00182914838821857,-0.999655762549562,0,144.946304321289,-760.762084960938,246.873641967773,0.904440434220763,0.423715339721913,0.0495258703194832,-0.144483546450853,0.413483443874237,-0.898974942057277,0
31884478096,-17.3961887359619,-263.235260009766,-105.340484619141,0.970516432292755,0.239727464591323,-0.0250718441754497,-0.0262792614963835,0.00184089141105327,-0.999652945543611,0,144.781600952148,-760.704528808594,247.095916748047,0.904581414367694,0.423550778404218,0.0483446263169344,-0.145811268484538,0.413970585392306,-0.898536269948455,0
31884478210,-17.6931247711182,-263.172973632813,-105.056884765625,0.970479791796827,0.23987555637338,-0.0250737146938472,-0.0262786912287464,0.00182563397496375,-0.999652988515462,0,144.330154418945,-760.543212890625,247.260803222656,0.904213733538496,0.424440655426285,0.0474094305141806,-0.147114154833605,0.413759319168073,-0.898421199242965,0
31884478395,-17.5442180633545,-263.219879150391,-105.922409057617,0.970435349799766,0.240045822905671,-0.0251641563447973,-0.0263884292003085,0.0018867898834661,-0.999649984158593,0,143.625823974609,-759.990478515625,248.432800292969,0.90307509335028,0.426869330123909,0.0473069843675037,-0.149787530626431,0.416275033846114,-0.896815918606072,0
31884478518,-17.7888717651367,-263.141265869141,-105.957824707031,0.97039491775154,0.24020546881906,-0.0251999276069716,-0.0264056260333384,0.00180173066285374,-0.999649686980597,0,143.185592651367,-759.483581542969,249.378768920898,0.902748970074033,0.427598729518221,0.0469427688220145,-0.151680338847045,0.418532547028809,-0.895446023992972,0
31884478670,-17.5547523498535,-263.24169921875,-106.963409423828,0.970320304802919,0.240498726664821,-0.0252758493382494,-0.0264988182676809,0.00185203139911551,-0.999647129046102,0,143.488784790039,-759.385925292969,249.611083984375,0.903038060416575,0.42704539351872,0.0464165198341307,-0.152174585596161,0.419082154845648,-0.895105045784329,0
31884478793,-17.7676906585693,-263.169036865234,-107.002822875977,0.970279310344678,0.240662568410706,-0.0252900787467799,-0.0265115784030523,0.00183862962208796,-0.999646815456185,0,143.745147705078,-759.114379882813,249.422760009766,0.903098927182161,0.426901691651926,0.0465539835798713,-0.151636376339755,0.418437424622965,-0.89549792352939,0
31884478938,-17.640344619751,-263.228973388672,-107.781295776367,0.970223060101074,0.240894166358432,-0.0252431032676813,-0.0264681137413448,0.00185043082370162,-0.999647945459171,0,143.936813354492,-759.380859375,248.901397705078,0.90317673649766,0.426725393047735,0.0466607069994851,-0.150841590556208,0.417254716555506,-0.896183751286899,0
31884479087,-17.7320022583008,-263.211242675781,-108.068618774414,0.970179281313965,0.241070395099113,-0.0252433499337148,-0.0264589612211651,0.00180638080340289,-0.999648268322158,0,143.964645385742,-759.835021972656,249.121429443359,0.903256422331459,0.4264631299741,0.0475082549633954,-0.150602713300657,0.418741801763167,-0.895530081126601,0
31884479266,-17.6620101928711,-263.261199951172,-108.881500244141,0.97010779905193,0.24134782087134,-0.0253394470988529,-0.0265854637251347,0.00190729331526633,-0.999644724565047,0,144.044403076172,-759.835815429688,248.949310302734,0.903383187020057,0.426254268506815,0.0469693090134878,-0.150498875900822,0.417695181526713,-0.896036173199473,0
31884479426,-17.7438488006592,-263.299407958984,-109.48779296875,0.970025907972156,0.241686972722775,-0.0252417328821872,-0.0264932192264649,0.0019292854899159,-0.999647131338112,0,144.066253662109,-759.884460449219,248.72607421875,0.903399406061816,0.426230221136668,0.0468754916448278,-0.15012843152503,0.416795006716617,-0.896517359800651,0
31884479640,-17.987548828125,-263.283050537109,-109.476249694824,0.969986533845277,0.241843038745284,-0.0252600231447167,-0.0264876950174066,0.00182593307719236,-0.999647471852484,0,144.212936401367,-760.212280273438,248.121292114258,0.902533158419829,0.427962027761053,0.04777447799166,-0.149186593778943,0.414821179638981,-0.897589410119995,0
31884479771,-17.821647644043,-263.362274169922,-110.505012512207,0.969938394563595,0.242028861528282,-0.0253286584469097,-0.0265601655022617,0.00182640875131071,-0.999645548101709,0,144.321441650391,-760.247009277344,248.180541992188,0.902909872349926,0.427206038214553,0.0474211274229794,-0.14932537542918,0.415214937423539,-0.897384247685071,0
31884479916,-17.8394832611084,-263.402465820313,-111.099227905273,0.969886225168847,0.242237235536829,-0.0253344024440793,-0.0265884875849432,0.00190890644021126,-0.999644641062087,0,144.328750610352,-760.266174316406,247.949951171875,0.902884724285251,0.427176536326205,0.0481599570669793,-0.148382047949587,0.414830745958828,-0.897718341159146,0
31884480088,-17.9948577880859,-263.400573730469,-111.288818359375,0.969845090741688,0.242409446448147,-0.0252618336022846,-0.0265299565772012,0.00196797268445399,-0.999646081614651,0,144.134811401367,-760.642761230469,247.640518188477,0.902257670272794,0.428398633921173,0.04904800595725,-0.147280014837977,0.413083062223151,-0.898705169081423,0
31884480250,-17.9085960388184,-263.440856933594,-112.074661254883,0.969785624951406,0.242633758536431,-0.0253909601255391,-0.0266802281056274,0.00202870583172196,-0.999641960794404,0,144.055694580078,-761.095642089844,247.133605957031,0.902467573628945,0.427793963137782,0.050444064578055,-0.145044929789369,0.412055377876524,-0.899540067982206,0
31884480410,-18.0992412567139,-263.43310546875,-112.217323303223,0.969711699626543,0.242934072637781,-0.0253427693637228,-0.0266438214896063,0.00207096248229632,-0.999642845165626,0,144.15397644043,-761.301147460938,247.042022705078,0.902439849363469,0.427723385846894,0.0515269199594618,-0.144111260761122,0.412419373033447,-0.899523321136555,0
31884480566,-18.0764713287354,-263.45361328125,-112.914276123047,0.969659755739976,0.243144037858602,-0.0253166931510462,-0.0266141737405399,0.00205236811848487,-0.999643673286244,0,144.472869873047,-761.451232910156,246.266174316406,0.902520825774577,0.427456404180425,0.0523180807017745,-0.14194934042339,0.409982784757376,-0.900979745030903,0
31884480774,-18.1701850891113,-263.457824707031,-113.656295776367,0.969582258346443,0.243430882363801,-0.0255274325264687,-0.0268207951997267,0.00199961894176468,-0.999638257805764,0,144.905654907227,-761.901733398438,246.894638061523,0.902966863876736,0.426472220113002,0.0526525233250862,-0.14030303692924,0.408417752392172,-0.90194789060087,0
31884480931,-18.1405162811279,-263.473693847656,-114.340927124023,0.969525682118843,0.243652519365181,-0.0255617197972448,-0.0268465003854849,0.0019532482148571,-0.999637659473903,0,144.294357299805,-761.477844238281,244.446685791016,0.900959789338864,0.430474728148017,0.0544331371534026,-0.137501793244424,0.402239070968484,-0.905150256388949,0
31884481089,-18.1725692749023,-263.47900390625,-114.754035949707,0.969480620529346,0.243841227547676,-0.0254712026821858,-0.0267601471621819,0.00197428763333286,-0.999639933532169,0,144.560317993164,-761.912414550781,244.881393432617,0.900837320713043,0.43038077046431,0.0571359258706146,-0.136201381158751,0.405106432057195,-0.904067454605207,0
31884481218,-18.1852951049805,-263.471557617188,-115.352951049805,0.96942835483625,0.244039981141046,-0.0255568473048019,-0.0268635114007603,0.00202703700651981,-0.999637055573769,0,144.411193847656,-761.791320800781,244.506607055664,0.900898437527233,0.430238565647426,0.0572431820449947,-0.135482021838059,0.404055674130315,-0.904645584724631,0
31884481434,-18.2658500671387,-263.459320068359,-115.933227539063,0.969346280057827,0.244367508868136,-0.0255403591915617,-0.0268756752231334,0.002131053425429,-0.99963651228464,0,147.262252807617,-765.067260742188,247.424758911133,0.902766083217009,0.426618504491137,0.0548639282112258,-0.137414819277692,0.406919421400474,-0.903069073731341,0
31884481653,-18.3427562713623,-263.457183837891,-116.482803344727,0.969291978156812,0.244577286892095,-0.0255931986542395,-0.0269410636321232,0.00216662811224983,-0.999634675675566,0,151.627716064453,-776.722290039063,256.826293945313,0.906571304694742,0.418851900958513,0.0518801943665749,-0.145505365527935,0.425563288641289,-0.893154004617005,0
31884481786,-18.3296718597412,-263.465911865234,-116.78337097168,0.969284528471566,0.244610472003778,-0.0255581660481286,-0.0268957290972066,0.00212890229411746,-0.999635977509489,0,151.780426025391,-783.230529785156,261.126647949219,0.907788528605334,0.416434413433717,0.0500236608084537,-0.149489563077952,0.432672004751727,-0.889071317069044,0
31884481942,-18.3309383392334,-263.492828369141,-117.328308105469,0.969242713972684,0.244770592041156,-0.0256109094466928,-0.0269556582581169,0.00214499252396767,-0.999634328889791,0,150.893157958984,-786.082275390625,265.88671875,0.908920228711624,0.413610577688127,0.0528233647480357,-0.151708302428737,0.446033985714167,-0.882064779118929,0
31884482113,-18.3937854766846,-263.513153076172,-117.532745361328,0.969199120374373,0.244936883291854,-0.0256707668139165,-0.0270101270326019,0.00211012500816292,-0.999632932835915,0,146.61994934082,-785.87646484375,266.101043701172,0.906109802507735,0.419830646677448,0.0520312781871532,-0.155076916401617,0.44406675250955,-0.882471455240898,0
31884482241,-18.3269157409668,-263.533050537109,-118.149894714355,0.96916389015645,0.245063035543142,-0.0257965623135481,-0.0271071460392917,0.0019759591051824,-0.999630580874364,0,144.809829711914,-784.724243164063,265.070281982422,0.904577230027458,0.423092353468164,0.052277101608846,-0.154475449013378,0.43959752920151,-0.884811475949562,0
31884482451,-18.2686443328857,-263.582427978516,-118.855293273926,0.969073023068429,0.245422608157425,-0.0257918468943638,-0.0270709305865639,0.0018391035916796,-0.999631823430585,0,138.210723876953,-780.25439453125,262.765228271484,0.896548618968982,0.440045113503167,0.0506050581147401,-0.160079936191796,0.428415090676122,-0.889288999206557,0
31884483027,-18.4596996307373,-263.381256103516,-120.016548156738,0.968934039292999,0.245946819512039,-0.0260190213356671,-0.0273058626980301,0.00182276630934874,-0.999625463553874,0,140.162322998047,-781.292724609375,262.098480224609,0.898424451183296,0.436006190625267,0.0522695633465335,-0.157081196627591,0.430246348783118,-0.888939580075519,0
31884483246,-18.351203918457,-263.322540283203,-121.275390625,0.968881985397522,0.24614731003578,-0.0260614683835416,-0.0273644806812968,0.00187403715108745,-0.999623765814819,0,139.996643066406,-781.375793457031,261.752716064453,0.897948090314806,0.437072666472092,0.0515432956161037,-0.156402063169618,0.42638616062775,-0.890917076198124,0
31884483403,-18.4307022094727,-263.248443603516,-121.31192779541,0.968853093854572,0.24627498718539,-0.025929003360316,-0.0272393693056883,0.0019149839785616,-0.999627105272856,0,140.459503173828,-781.422485351563,261.617828369141,0.898550307209843,0.435965108962207,0.0504159615664258,-0.156312976077669,0.425261973827443,-0.89146985766549,0
31884483585,-18.342830657959,-263.290435791016,-122.097297668457,0.968821680760845,0.246403390120527,-0.0258828171736047,-0.0272101195096362,0.00198280921854102,-0.999627769654222,0,141.337600708008,-782.062927246094,261.041625976563,0.898823563925832,0.435285093648005,0.0514109733375438,-0.153758665998394,0.42296899480223,-0.893003640567263,0
31884483740,-18.3473892211914,-263.322387695313,-122.610153198242,0.968771205726657,0.246605065001877,-0.0258513610925725,-0.0272043282057752,0.00208038085885188,-0.999627728978321,0,141.71809387207,-782.434997558594,261.855590820313,0.89934605838845,0.434147419856729,0.0518910887619871,-0.154102404366627,0.42579434370983,-0.891600597707931,0
31884483952,-18.4400157928467,-263.328186035156,-123.209037780762,0.968692737358528,0.24690054801108,-0.0259711374543061,-0.0273324076039684,0.00208718327696904,-0.999624220975332,0,141.81330871582,-782.520874023438,260.694519042969,0.898846489914788,0.435269526279203,0.0511412461770708,-0.155095408847615,0.425055600188861,-0.891780887271351,0
31884484109,-18.5422821044922,-263.322723388672,-123.290740966797,0.968673113787351,0.24697578049692,-0.025987736982166,-0.0273498726991252,0.00208574034406431,-0.999623746291853,0,142.086898803711,-783.312561035156,259.711029052734,0.899709905265948,0.433474196171148,0.0512074957415083,-0.153205248468251,0.423465965655389,-0.892863218960962,0
31884484260,-18.471471786499,-263.390777587891,-124.190002441406,0.968649083282077,0.247066987996818,-0.0260164736075316,-0.027399412600947,0.00216042827901467,-0.999622231014684,0,135.240615844727,-785.655639648438,259.868133544922,0.88790887299224,0.455267189420647,0.0659516451551802,-0.154677327168489,0.430486806237137,-0.889244642444227,0
31884484473,-18.5656776428223,-263.440979003906,-124.587333679199,0.968586876544162,0.247315097566302,-0.0259750861826241,-0.0273250896751824,0.0020273310379282,-0.999624544218031,0,116.278984069824,-784.144897460938,265.244140625,0.86076763497322,0.499313368312194,0.0988192228634712,-0.17932845934371,0.479188682509406,-0.859197014790153,0
31884484637,-18.49440574646,-263.472595214844,-125.399978637695,0.968546023661536,0.247490433476589,-0.0258279961862724,-0.0271558889575704,0.00195282874957514,-0.999629303369403,0,108.367782592773,-761.509643554688,278.328033447266,0.861411532856004,0.482800938880214,0.157713108139603,-0.150581697582263,0.539317227518359,-0.828530072148956,0
31884484767,-18.6211833953857,-263.490570068359,-125.384780883789,0.968510872446767,0.247634710487497,-0.0257631541969419,-0.0270969415705541,0.00197887746073856,-0.999630851765549,0,105.407577514648,-723.792297363281,296.349243164063,0.874525488687272,0.440314412753581,0.203293845351396,-0.129356190352173,0.615769960903746,-0.777235055350807,0
31884484934,-18.5653781890869,-263.506072998047,-125.869514465332,0.968504989974391,0.247656947722019,-0.0257705382116264,-0.0271129733578467,0.00201099862622242,-0.999630352960644,0,113.008888244629,-686.833740234375,299.934234619141,0.894883351955745,0.41178224525168,0.172102204773603,-0.139531770672371,0.624428016023322,-0.768518404319773,0
31884485069,-18.7236137390137,-263.520294189453,-126.269546508789,0.968437724015449,0.247923223308243,-0.0257381049851813,-0.0270463104801068,0.001871639702841,-0.999632429473072,0,116.856513977051,-680.912353515625,303.292755126953,0.894293015874142,0.415508094069884,0.16611148521744,-0.151874450443317,0.631013597304091,-0.760760140464714,0
31884485253,-18.6809978485107,-263.494140625,-127.089485168457,0.968392972860534,0.248088808067252,-0.0258262158689032,-0.0270950147645834,0.00170070211055962,-0.999631415966524,0,128.584289550781,-669.646911621094,317.734893798828,0.897755793590117,0.408951129805502,0.16368722768189,-0.170255406065319,0.664865838027358,-0.727300841557132,0
31884485422,-18.8065395355225,-263.482818603516,-127.095268249512,0.968373217970321,0.248166019285261,-0.0258251348479237,-0.0271361593908893,0.00186306802050867,-0.999630010469405,0,136.133758544922,-654.072265625,310.16552734375,0.911198637097438,0.371878930584566,0.177265633271231,-0.113381704044627,0.640050189968844,-0.759921274546768,0
31884485591,-18.726863861084,-263.461944580078,-127.753051757813,0.968356415242913,0.248261403098356,-0.0255368124387375,-0.0270427895159341,0.00265718253133045,-0.999630745283573,0,133.17594909668,-649.550659179688,308.118927001953,0.905737732377514,0.397920865623951,0.145938839411327,-0.162325127930008,0.643747303987797,-0.747823482815931,0
31884485887,-18.7496471405029,-263.420196533203,-128.392272949219,0.968255708973032,0.248662846943453,-0.025449373098523,-0.0272909874080943,0.00396102627869247,-0.999619683818356,0,136.998870849609,-646.5849609375,307.091857910156,0.909119708139806,0.405994765280112,0.0931107235335407,-0.215778368200306,0.650240175097632,-0.728441768781702,0
31884486096,-18.8265514373779,-263.448303222656,-128.564559936523,0.968280292872463,0.248569125114647,-0.0254295983954917,-0.0273450457556042,0.00425559754844155,-0.99961699583497,0,138.560119628906,-645.085266113281,304.045104980469,0.910659688238575,0.405169494745013,0.0808493212419981,-0.220231913880336,0.641606420721339,-0.734737439496421,0
31884486312,-18.8910579681396,-263.514617919922,-128.858596801758,0.968260346657795,0.248642265492266,-0.0254740044162741,-0.0273829666069617,0.00422138898835475,-0.999616102818883,0,138.712738037109,-640.767822265625,297.818756103516,0.91144171023129,0.403730344572991,0.0792200588338248,-0.206560824540949,0.615555275150207,-0.760542128353003,0
31884486497,-18.8023071289063,-263.527618408203,-129.603927612305,0.968227369381053,0.248770992536291,-0.0254706586871008,-0.0273899847325931,0.00425636830343505,-0.999615762213269,0,139.488037109375,-640.108947753906,296.789459228516,0.911990791362266,0.40290860996515,0.0770548407718783,-0.206061973174766,0.612389631798565,-0.763228276518199,0
